name,occurrences,pages
Abba Giulio Cesare,3,2392;2393;2394;
Abbagnano Nicola,1,1470;
Abbas il Grande- scià di Persia,2,613;614;
Abbé Grégoire (Henry Baptiste Grégoire),1,442;
Abbott Edwin Abbott,2,267;548;
Abelardo,1,2355;
Abernathy Ralph,3,2513;2519;2520;
Abraham Cresques,1,427;
Accrocca Elio Filippo,1,2709;
AddisonJoseph,1,866;
Adorno Theodor Wiesengrund,3,132;235;2794;
Afanasjev Aleksandr Nikolaevic,1,1613;
Agamben Giorgio,2,470;1111;
Agostino- santo,4,738;1713;1859;2082;
Aiolfi Luciano,2,1476;1477;
Aizenberg Roberto,2,1997;1998;
Alain (Émile Auguste Chartier),1,1255;
Alberoni Francesco,2,2062;2065;
Alberti Leon Battista,1,527;
Albertoni Ettore A.,1,2733;
Alcmane,1,1137;
Aleramo Sibilla,1,1727;
Alessandro I-zar,1,992;
Alessandro III-zar,2,799;2486;
Alfieri Vittorio,1,1508;
Algarotti Francesco,1,1139;
Alighieri Dante,36,212;232;233;247;527;641;642;697;698;699;700;702;738;747;763;805;1147;1296;1299;1300;1341;1553;1639;1650;1653;1700;1727;1858;1969;2066;2115;2117;2120;2433;2457;2873;
Allen Woody,2,369;1955;
Almansi Guido,7,261;1683;1684;1685;1686;1687;1802;
Altdorfer Albrecht,2,1999;2000;
Alvarado Pedro de,1,2014;
Alvaro Corrado,4,69;1251;1728;1836;
Ambrogio-santo,2,744;1859;
Ambrosoli Guglielmo,1,1320;
Amendola Giorgio,2,2154;2156;
Amicucci Ermanno,1,2122;
Amidei Sergio,1,2154;
Amoretti Gaspare,1,2734;
Anceschi Luciano,1,1844;
Anders Giinther,1,135;
Andersen Hans Christian,1,1137;
Anderson Sherwood,5,63;817;1283;1284;1285;
Angelico-beato,1,1988;
Anglani Bartolo,1,897;
Annibale,1,2399;
Ansaldo Giovanni,1,2739;
Antelme Robert,1,182;
Antinori Orazio,1,1760;
Antonicelli Franco,7,1733;1919;2818;2819;2820;2821;2822;
Antonini Ezio,1,2733;
Antonini Luigi,1,2146;
Antonio Marco,1,2338;
Antoniani Michelangelo,6,1909;1921;1925;1926;1927;1928;
Apollinaire Guillaume,3,112;1384;2071;
Appelius Mario,1,2100;
Apuleio,2,1536;1695;
Aragon Louis,2,1861;2121;
Arakawa Shusaku,5,2001;2002;2003;2004;2005;
Arbasino Alberto,15,143;154;197;400;1537;760;761;762;763;764;765;766;767;768;2828;
Archimede,1,2448;
Arcimboldo (Giuseppe Arcimboldi),2,853;855;
Arimondi Giuseppe,2,1763;1764;
Ariosto Ludovico,36,74;75;232;266;342;389;649;759;760;761;762;763;764;767;768;770;771;772;774;884;964;967;968;1254;1297;1481;1640;1677;1689;1697;1698;1699;1758;1761;1848;1849;
Aristarco Guido,2,1889;1891;
Aristofane,1,194;
Aristotele,8,715;853;854;928;1806;2041;2081;2086;
Arliss George,1,1041;
Armendariz Pedro,1,1892;
Amim Ludwig Achim von,6,445;710;1567;1568;1657;1674;
Arpino Giovanni,1,1766;
Artaud Antonin,2,113;1047;
Asafiev Boris,1,2435;
Aschenbach Gustav von,3,1906;1907;1908;
Asor Rosa Alberto,9,353;1832;1833;1834;1835;1836;1837;1838;1839;
Astor John Jacob,1,866;
Ataturk Kemal,1,2736;
Attilio Regolo,1,1979;
Auer Misha,1,2623;
Auerbach Erich,5,742;743;745;1519;1756;
Aulnoy Marie Cathérine Madame de,1,1583;
Austen Jane,4,1091;1529;1684;1731;
Austin William,1,1662;
Averroè,2,1989;2001;
Aymonino Carlo,1,281;
Babel' Isaak Emmanuilovic,2,45;1135;
Babic,2,2143;2146;
Bacchelli Riccardo,2,1727;1728;
Bachelard Gaston,1,1448;
Bachtin Michail Michailovic,12,250;256;258;259;260;845;1270;1286;1287;1288;1289;1290;
Bacon Francis (Francesco Bacone),4,548;853;1069;1849;
Baglio Gino,1,1495;
Baker Carlos,1,1320;
Balbo Cesare,1,2894;
Balbo Felice,11,1473;1474;1475;2892;2893;2894;2895;2896;2897;2898;2899;
Baldissera Antonio,1,1760;
Balla Giacomo,2,2846;2847;
Ballerini Carlo,1,328;
Baltard Victor,1,1143;
Balzac Honoré de,55,34;35;36;110;272;343;458;474;475;516;711;712;713;714;730;775;776;777;778;779;780;782;783;784;785;786;787;788;789;817;851;959;965;967;996;1079;1090;1143;1166;1176;1257;1365;1390;1396;1481;1485;1529;1533;1580;1658;1816;2240;2492;2723;2785;
Bandella Matteo,1,1677;
Bandini Luigi,1,1470;
Bandinu Bachisio,1,1152;
Banfi Antonio,1,2807;
Banti Anna,1,9;
Barachini Danilo,1,1476;
Baratieri Oreste,4,1757;1760;1763;1764;
Barbato Antonio,1,1325;
Barbey d'Aurevilly Jules­ Amédée,6,476;542;656;657;659;1099;
Barbiellini Amidei Gaspare,1,1152;
Barca Luciano,1,2853;
Bargellini Piero,1,804;
Barnum Phineas Taylor,2,439;923;
BaronJacques,1,1415;
Barral Carlos,1,2721;
BarrauJacques,1,1799;
Barrili Anton Giulio,4,2393;2394;2395;2400;
BarthJohn,1,2909;
Barthelme Donald,1,2909;
Barthes Roland,26,183;188;208;229;230;231;272;284;285;288;298;300;302;303;306;389;481;482;483;484;485;486;683;951;966;2788;
Bartholdi Frédéric Auguste,1,424;
Bart6k Béla,1,2236;
Basevi Enrica,1,279;
Basile Giambattista,21,884;887;1545;1579;1585;1587;1588;1589;1590;1591;1592;1593;1595;1596;1597;1598;1600;1616;1617;1666;1677;
Bassani Giorgio,7,68;69;1223;1787;1788;1896;2713;
Bataille Georges,11,182;261;778;1335;1415;1416;1417;1418;1424;1425;2789;
Battaglia Roberto,8,1757;1758;1759;1760;1761;1762;1763;1764;
Baudelaire Charles,22,108;109;296;477;516;536;685;779;780;781;931;946;968;1020;1143;1144;1146;1147;1428;1432;1661;1662;
Bauer Riccardo,1,2857;
Bausani Alessandro,3,881;882;883;
Baziin Francisco Garda,1,805;
Bazlen Roberto (detto Bobi),4,1007;1008;1009;1256;
Bazzero Ambrogio,1,1691;
Beatles,1,548;
Beaumont- Mme Le Prince de,1,1583;
Beckett Samuel,17,54;117;168;169;190;191;195;265;711;752;839;1680;1686;1771;1862;1969;2767;
Bécquer Gustavo Adolfo,2,1665;1675;
Beethoven Ludwig van,1,1328;
Beli Graham,1,2697;
Bellarmino Roberto,1,2077;
Belli Giuseppe Gioacchino,5,669;1135;1137;1489;1508;
Bellocchio Piergiorgio,1,843;
Bellow Saul,3,2829;2907;2908;
Beltrame Achille,1,2887;
Bembo Bonifacio,1,258;
BendaJulien,1,2120;
Benedetti Arrigo,1,1497;
Benevolo Leonardo,3,281;282;283;
Benjamin Walter,11,281;291;292;293;742;744;745;780;1147;1386;1418;
Benn Gottfried,1,688;
Benoit Pierre,1,547;
Benveniste Émile,1,2072;
Berchet Giovanni,1,1729;
Berenson Bernard,1,1038;
Bergson Henri,3,1470;2043;2744;
Berkeley George,1,530;
Bernanos Georges,1,2120;
Bernardini Marzolla Piero,2,904;914;
Bernari Carlo,1,1499;
BernoulliJohann,2,537;538;
Berrini Nino,1,1493;
Bersezio Vittorio,1,1171;
Bertacchini Renato,1,806;
Berthoud Ferdinand,1,535;
Bertillon Alphonse,1,2031;
Bethe Hans Albrecht,1,2053;
Betti Paolo,1,2155;
Betussi Giuseppe,1,659;
Biagi Guido,2,1728;1731;
Bianchi Bandinelli Ranuccio,1,504;
Bianchi Gustavo,1,1760;
Bianchi Pietro,1,1928;
Bianchini Angela,2,1650;1651;
Bianciardi Luciano,1,1766;
Bianconi Bernardi Fulvia,1,1268;
Bierce Ambrose,1,1662;
Bigiaretti Libero,2,1485;1486;
Bigongiari Piero,1,1403;
Bilenchi Romano,2,64;1537;
Bioy Casares Adolfo,1,6732356;
Bixio Nino,1,1760;
Blake William,2,1979;1980;
Blanchot Maurice,5,182;298;301;397;2789;
Blanqui Louis Auguste,1,1145;
Blasetti Alessandro,1,2110;
Bloy Léon,1,1020;
Blumenberg Hans,1,723;
Bo Carlo,6,1109;1244;1919;2710;2724;2729;
Bobbio Norberto,1,2821;
Boccaccio Giovanni,17,395;638;639;644;647;662;663;743;744;745;746;1289;1639;1650;1684;1856;1858;
Boccanegra Guglielmo,1,2404;
Boccasile Gino,1,2130;
Bocelli Arnaldo,1,2710;
Bodoni Giovanni Battista,1,509;
Boiardo Matteo Maria,8,549;759;764;1640;1677;1697;1698;1699;
Boileau Nicolas,2,1422;1578;
Boine Giovanni,2,1038;2382;
Boito Arrigo,2,1665;1691;
Boito Camilla,3,1899;1904;1905;
Bolis Luciano,1,1493;
Bolivar Sim6n,1,2843;
Boli Heinrich,1,188;
Bollati Giulio,3,1133;1508;1574;
Bompiani Valentino,1,2683;
Bonalumi Louis,1,1073;
Bonaparte Gerolamo,1,1569;
Bonaparte Napoleone,6,463;991;1569;1978;2392;2402;
Bonaparte Napoleone III,3,289;468;504;
Bonaviri Giuseppe,2,1010;1011;
Eoni Enrico,1,1691;
Bonsanti Alessandro,1,1537;
Massimo,9,688;1034;1471;1511;1680;1694;1695;1726;1727;
Bonvesin de la Riva,1,515;
Booth Wayne,1,1685;
Bordaberry Arocena Juan Maria,2,2249;2250;
Borges Jorge Luis,39,121;194;195;223;263;394;397;432;672;673;687;688;728;729;739;1037;1066;1102;1186;1292;1293;1294;1295;1296;1297;1298;1299;1300;1397;1445;1526;1608;1662;1680;1693;1806;1809;2639;2906;
Borgese Giuseppe Antonio,9,1724;1725;1726;1727;1728;1729;1730;1731;1733;
Boron Robert de,1,1652;
Borsi Franco,1,2403;
Borzage Frank,1,2106;
Bosch Hieronymus,1,1727;
Bosco Umberto,1,2814;
Bosis Lauro de,1,1728;
BottéroJean,2,449;2034;
Botticelli Sandro,2,1885;2808;
Boullée Etienne-Louis,1,281;
Bourguiba (Bu Rqiba al-Habib),1,2519;
Bovero Clara,1,1574;
Bradbury Ray,1,2286;
Bragaglia Anton Giulio,1,1717;
BrahmsJohannes,1,1349;
Brancati Vitaliano,3,1498;1835;1896;
Brando Marlon,1,1054;
Brass Tinto,1,2691;
Braun Harald,1,1903;
Bravo Gian Luigi,1,1613;
Brecht Bertolt,16,45;121;191;192;236;291;388;844;1238;1301;1302;1514;1517;1722;1914;2820;
Brentano Bettina,1,1572;
Brentano Clemens,1,1567;
Breton André,17,129;181;182;195;274;296;297;298;304;1042;1335;1385;1411;1415;1419;1861;1951;
Breznev Leonid Il'ic,1,2055;
Bridges Harry,1,2564;
Brillat Savarin Anthelme,2,277;302;
Brilli Attilio,3,861;865;979;
Brisbane Albert,1,283;
Bronzino (Agnolo Allori),1,1988;
Brown Norman Oliver,1,305;
Browne H.K. (detto Phiz),1,269;
Bruegel Peter il Vecchio,2,1574;1644;
Bruno Giordano,8,648;687;706;713;820;823;1385;2089;
Bruto Marco Giunio,1,2338;
Budda,3,638;582;2229;
Buffon George Louis Ledere- conte di,1,1823;
Buget A.M.,1,1615;
Bukowskij Vladimir,1,2315;
Buiiuel Luis,6,1901;1902;1949;1950;1951;1952;
BunyanJohn,1,548;
Buonarroti Michelangelo,11,364;365;489;508;700;1533;1991;1992;2495;2496;2848;
Burke Peter,1,445;
Burland Cottie Arthur,3,2013;21;22;
Burri Alberto,1,117;
Burroughs Edgar Rice,2,548;2135;
Burton Robert,1,1157;
Burzio Filippo,4,1469;1470;1471;1472;
Butor Michel,14,50;59;121;169;192;296;298;1396;1399;1526;1817;2717;2720;2721;
Buttitta Antonino,1,1152;
Buzzati Dino,9,73;549;1012;1013;1014;1015;1137;1680;1693;
Byron George Gordon,2,967;1978;
Cabet Étienne,3,287;312;548;
Cacama,1,2017;
CainJames Mallahan,1,1904;
Cajkovskij Petr Il'ic,1,2485;
Cajumi Arrigo,1,2710;
Calamandrei Franco,1,2154;
Calarne Alain,1,1434;
Calasso Giovanna,1,881;
Calasso Roberto,8,987;1016;1017;1018;1019;1020;1021;1022;
Calder6n de la Barca Pedro,1,1432;
Caldwell Erskine,4,1054;1206;2136;2137;
CallejaJoseph,1,2110;
Callois Roger,3,1418;1662;1678;
Calosso Umberto,2,2113;2115;
Calza Gian Carlo,2,1445;1448;
Calzecchi Onesti Rosa,1,490;
CamòesLuis.Vazde,1,1026;
Camon Ferdinando,17,2774;2775;2776;2777;2780;2781;2782;2783;2784;2786;2787;2789;2790;2792;2793;2795;2796;
Campanella Tommaso,7,309;648;823;853;1157;1849;2084;
Camus Albert,9,45;190;458;1033;1373;1517;1521;1873;2252;
Canepa Giuseppe,1,2739;
Canevari Giambattista,1,1493;
Canistris Opicinus de,1,433;
Canova Antonio,1,509;
Capra Frank,2,1882;2106;
Caproni Giorgio,8,1023;1024;1025;1026;1027;1476;1495;2923;
Capuana Luigi,3,1556;1665;1691;
Carandini Andrea,2,493;496;
Cardano Girolamo,8,648;790;791;792;793;794;795;823;
Carducci Giosue,5,1137;1153;1192;1666;2449;
Cadesi Ferdinando,1,1731;
Carlo V imperatore,2,524;2017;
Carlo X re di Francia,3,461;462;463;
Carlomagno- imperatore,5,658;1297;1365;1761;1912;
Carlyle Thomas,1,347;
Carné Marcel,2,458;1142;
Carocci Alberto,2,1225;1227;
Carpaccio Vittore,1,710;
Carpi Sebastiano,1,1497;
CarradineJohn,1,2110;
Carrera Roland,1,535;
CarrièreJean-Claude,1,1952;
Carroll Lewis,4,194;195;198;1107;
CarterJimmy,1,2319;
Cartesio,7,292;529;682;823;1413;1668;2084;
Caruso Enrico,1,2240;
CaryJoyce,1,1549;
Casalegno Carlo,2,2338;2351;
Casanova Giacomo Girolamo,1,898;
Casati-Stampa Camillo e Anna Fallarino,1,1716;
Cascione Felice,1,2745;
Cases Cesare,2,1342;2850;
Casey Calvert,4,2873;2874;2875;2876;
Cassini Gian Domenico,2,429;432;
Cassola Carlo,18,68;69;85;86;228;232;269;271;1028;1029;1030;1031;1032;1033;1223;1314;1537;2713;
Castellani Renato,1,1889;
Castorp Hans,1,1683;
Castro Fidel,2,1306;2874;
Cattaneo Carlo,1,1755;
Catullo Caio Valerio,1,2239;
Cavalcanti Guido,5,361;362;364;646;652;
Caylus-conte di,1,1583;
Cecchi D'Amico Suso,1,1905;
Cecchi Emilio,17,521;797;814;1034;1035;1036;1037;1038;1039;1040;1041;1042;1043;1601;1783;2554;2710;
Cechov Anton Pavlovic,21,14;38;796;797;798;799;800;1086;1091;1137;1171;1316;1369;1378;1529;2116;2117;2423;2433;2449;2612;
Cela CamilloJosé,1,2720;
Celan Paul (Paul Antschel),1,1134;
Celati Gianni,7,248;324;1045;1046;1047;2785;2786;
Céline Louis Ferdinand,3,113;1413;1414;
Cellini Benvenuto,1,802;
Cerkasov NikolajKostantinovic,3,2477;2495;2496;
Cerniscevskij Nikolaj Gavrilovic,1,799;
Ceronetti Guido,2,1134;1791;
Cervantes Saavedra Miguel de,21,75;175;258;389;645;646;736;747;846;967;1254;1289;1481;1687;1697;1698;1699;1809;1851;1951;2401;
Cervi-famiglia,8,2171;2172;2173;2174;2175;2176;2177;2178;
Cesare Caio Giulio,1,2338;
Cesi Federico,1,2078;
Cézanne Paul,7,111;169;170;1802;1804;1805;1988;
Chacallis Louis,1,471;
Chagall Mare,1,2419;
Chamberlain Neville,2,2741;2889;
Chamisso Adalbert von,6,710;1655;1657;1674;1678;1731;
Chanal Edouard,1,1423;
Chaplin Charlie,8,369;1522;1879;1880;1881;1882;2163;2885;
CharcotJean Martin,1,1706;
Chateaubriand François Renéde,6,5;474;1019;1726;1727;2064;
ChauvinJean,1,2228;
Chesterton GilbertKeith,10,841;842;986;1037;1529;1892;1900;1903;1904;2897;
Chiabrera Gabriello,1,2391;
Chiaretti Tommaso,1,2854;
Chiarini Giovanni,1,1760;
Chiaromonte Nicola,2,1837;2088;
ChiffortJohn,1,438;
Chiodi Pietro,1,1493;
Choay Françoise,1,281;
Chomsky Noam Avram,3,211;688;689;
Chrétien de Troyes,1,1650;
Chrusè'ev Nikita Sergeeviè',3,2055;2849;2851;
Churchill Winston,5,136;2231;2451;2836;2915;
Ciafaloni Francesco,1,1387;
Ciano Galeazzo,1,2888;
Ciaureli Michail Ediseroviè',1,1914;
Cicerone Marco Tullio,2,1673;1857;
CiecodiFerrara,1,1698;
Cigoli Ludovico,1,854;
Cinelli Delfino,1,1729;
Cioran Émile,1,1824;
Ciro,2,616;938;
Citati Pietro,9,57;58;154;155;158;269;271;841;1072;
Clair René,1,548;
Clancier Anne,1,1434;
ClareboudtJean,1,471;
Clarke Arthur Charles,1,1135;
Clausius RudolphJulius Emanuel,1,2042;
Clouzot Henri Georges,1,1892;
Cocchiara Giuseppe,5,445;1552;1553;1573;1574;
Coca Vincenzo,1,2279;
CocteauJean,3,620;2136;2137;
Cody William Frederick (Buffalo Bill),2,1757;2116;
Co'isson Clara,1,1541;
Colbert Jean-Baptiste,3,431;432;1578;
Coleridge David Hartley,4,251;385;1038;1822;
Colet Louise,1,724;
Collins Wilkie,1,1659;
Collodi Carlo (Carlo Lorenzini),9,549;801;802;803;804;805;806;807;1682;
Colombo Cristoforo,11,313;385;417;418;419;423;424;866;2120;2317;2404;
Colonna Francesco,1,508;
Columella Giunio Moderato,3,490;491;492;
Comisso Giovanni,1,2119;
Como Perry,1,2638;
Comparetti Domenico,2,1553;1629;
Comte Auguste,1,2042;
ConradJoseph (TeodorJozef Konrad NaleçzKorzeniow­ ski),22,39;40;43;747;808;809;811;812;813;814;815;816;817;818;874;1037;1134;1135;1529;1705;2710;2716;
Considerant Victor,1,282;
ConstableJohn,1,1974;
Constane de Rebecque Henri Benjamin,2,850;2065;
Conte Giuseppe,4,1049;1050;1051;1052;
Contini Gianfranco,4,181;391;640;1167;
Copernico Niccolò,4,648;823;857;2083;
Coppée François,1,478;
Corbi Bruno,1,2854;
Corbino Epicarmo,1,2108;
Corelli Lia,1,1886;
Corneille Pierre,1,388;
Coronelli Vincenzo,2,429;432;
Correggio (Antonio Allegri),1,1812;
CortazarJulio,6,1303;1304;1305;1306;1307;1308;
Cortés Hernan,12,2013;2014;2015;2016;2017;2018;2019;2020;2022;2023;2024;2135;
Cortese Valentina,1,1911;
Corti Maria,2,2920;2921;
Costantino Il- re di Grecia,1,1454;
Costantinova Ljena,2,2453;2455;
Courbet Gustave,1,2568;
Courteline Georges,1,1171;
Coyer François-abbé,1,547;
Coypel Charles Antoine,1,1583;
Cranach Lucas il Vecchio,2,1805;2228;
Crane Stephen,1,1318;
Crevenna Alfredo,1,1892;
Crick Francis Harry Compton,1,211;
Crispi Francesco,1,1761;
Croce Benedetto,15,65;148;1585;1587;1589;1590;1597;1599;1600;1690;1708;2120;2121;2736;2857;
Croce Fulvio,1,2308;
Crosby Bing,3,2102;2105;2106;
CruickshankJohn,1,1414;
Cruikshank George,1,269;
Cucco Marinette,1,471;
CuisenierJean,1,444;
Cunliffe Marcus,1,1315;
Curcio Renato,1,2338;
Curie Ève,1,2448;
CurwoodJames Oliver,1,811;
Cyrano de Bergerac Hector Savinien de,10,314;647;648;649;652;820;821;822;823;824;
Dabormida Vittorio,1,1764;
Dalì Salvador,2,1951;2639;
Dallenbach Lucien,1,397;
D'Ambra Lucio,1,1726;
D'Amico Masolino,1,548;
Damish Hubert,1,712;
D'Ancona Alessandro,2,1553;1629;
Daniel Arnaut,1,1427;
D'Annunzio Gabriele,10,265;520;934;1109;1110;1192;1313;1509;2449;2846;
D'Arco Avalle Silvio,1,1187;
Dario I- imperatore persiano,3,616;618;622;
Dario Il- imperatore persiano,1,623;
D'Arrigo Stefano,1,1134;
Darwin Charles Robert,4,210;1134;1668;1669;
Daudet Léon,1,1727;
Daumier Honoré,1,777;
DautyJean,1,305;
Davì Luigi,4,1053;1054;1055;1056;
DavidJacques-Louis,2,467;1988;
DavisJefferson Finis,1,2523;
Day Dorothy,1,2558;
De Amicis Edmondo,7,826;827;828;830;1244;1670;2118;
Debenedetti Giacomo,3,1111;1265;1728;
Debout-Oleskiewicz Simone,6,285;296;297;298;299;305;
De Broglie Louis,3,2123;124;125;
De Carolis Adolfo,1,2846;
Decebalo- re dei Daci,3,501;502;504;
Dechend Herta von,2,2087;2088;
De Chirico Giorgio,3,436;516;1471;
De Cristoforis Tommaso,1,1757;
De Dominis Marco Antonio,1,2079;
De Filippo Eduardo,1,1809;
Defoe Daniel,14,23;77;175;389;831;832;833;834;835;1137;1522;1731;1901;1902;
Defontenay,1,1423;
De Gasperi Alcide,5,2099;2163;2803;2804;2808;
Delacroix Eugène,9,461;462;463;464;465;466;467;468;2568;
Del Beccaro Felice,1,806;
Del Bo Giuseppe,1,282;
Del Boca Angelo,2,1496;1499;
Del Buono Oreste,2,984;1500;
Deledda Grazia,2,1086;1727;
Delfini Antonio,1,1835;
Del Giudice Daniele,2,1009;2828;
Della Bella Stefano,1,424;
Della Monica Walter,1,2814;
Della Porta Giambattista,1,1157;
Del Noce Augusto,1,2896;
De Luca Carmine,1,1247;
Delvaux Paul,1,436;
De Marchi Emilio,2,1665;1692;
De Martino Ernesto,3,1236;1573;1667;
De Mauro Tullio,1,1247;
Dembowski Matilde,1,943;
Democrito,2,526;2081;
De Quincey Thomas,4,663;664;665;2270;
De Robertis Giuseppe,1,2710;
De Roberto Federico,1,1692;
Derrida Jacques,1,2788;
De Ruggiero Guido,1,2744;
De Sanctis Francesco,4,763;1838;2186;2806;
Desanti J. Dominique,1,305;
De Santis Giuseppe,6,1490;1883;1884;1885;1886;1887;
De Seta Cesare,1,515517;
De Sica Vittorio,3,1490;1889;1919;
Desroche Henri,1,294;
Destutt de Tracy Antoine-Louis-Claude,1,957;
Detienne Marcel,2,1621;1622;
Devoto Giorgio,1,1023;
Diaz del Castillo Bernal,5,1700;2018;2019;2020;2022;
Diaz Furio,2,1838;2854;
Dickens Charles,22,269;270;343;347;516;710;739;779;837;838;839;841;842;843;996;1166;1257;1658;1816;1820;2492;2785;
Dickinson Emily,1,643;
Diderot Denis,15,194;293;442;520;669;737;844;845;846;847;848;849;1326;1339;2041;
Dietrich Marlene,2,1041;1918;
Di Giacomo Salvatore,1,1137;
Di Mauro Leonardo,1,517;
Diolé Philippe,4,1749;1750;1751;1752;
Dionigi Aeropagita,1,2084;
Disney Walt,4,1573;2131;134;135;
Doblin Alfred,1,111;
Dolci Danilo,1,1708;
Donatello,1,1039;
Donini Filippo,1,843;
Donizetti Gaetano,1,2236;
DonneJohn,1,1157;
D'Onofrio Salvatore,1,1152;
Doré Gustave,1,444651;
Doria Andrea,1,2386;
Doskoi M.,1,2429;
Dos Passos John,1,111;
Dostoevskij Fedor Michajloviè,38,14;38;4;4;5;6;190;194;256;274;282;343;727;811;816;841;1166;1171;1175;1275;1286;1287;1341;1362;1367;1382;1522;1529;1657;1686;1719;1732;1819;2117;2410;2449;2476;2506;
Dowling Doris,3,1884;1885;1886;
Doyle Arthur Conan,2,547;2036;
Dreiser Theodore Herman Albert,1,2492;
Duchamp Marcel,2,1385;1988;
Diihring Karl Eugen,2,287;304;
Dumas Alexandre,4,462;967;1664;2453;
Dumas Alexandre (figlio),1,477;
Dumas Georges,1,1669;
Duran Diego,1,2026;
Diirer Albrecht,2,529;1058;
Dyson Freeman,6,2050;2052;2053;2054;2055;2056;
Eckout Albert,1,423;
Eco Umberto,8,105;116;123;188;1163;1736;1738;1768;
Eddington Arthur Stanley,1,2743;
Ehrenburg Il'ja Grigoreviè,6,1121;1350;1754;2103;2121;2126;
Eichendorff Joseph Karl von,7,710;1061;1657;1674;1679;1719;1731;
Eiffel Alexandre Gustave,1,425;
Einaudi Giulio,7,981;1008;1431;1573;1732;1909;2762;
Einaudi Luigi,1,2175;
Einstein Albert,6,1302;1706;2041;2056;2231;2743;
Eiriz Antonia,1,2876;
Eisenhart Willy,2,551;552;
Eisenhower Dwight,1,2317;
Eisenstein Sergej Mikhailoviè,2,1914;2496;
El Edrisi,1,427;
El Greco (Domenico Theotokopulos),2,1805;2228;
Eliot George,2,1684;1728;
Eliot Thomas Stearns,9,727;1052;1135;1231;1340;1347;1348;1684;2051;
Eloisa,1,2355;
Elorza Antonio,1,283;
Eluard Paul,2,2097;2098;
Emerson Ralph Waldo,1,283;
Emilio Paolo Lucio,1,2399;
Empedocle,1,821;
Engel Robert,1,1891;
Engels Friedrich,10,274;287;288;289;304;348;1416;1423;1424;1485;
Ensslin Gudrun,1,1945;
Enzensberger Christian,1,1448;
Enzensberger Hans Magnus,5,184;188;195;223;224;
Epicuro,1,638;
Erasmo da Rotterdam,2,258;1822;
Erizzo Sebastiano,1,658;
Ernst Max,2,2072;2074;
Erodoto,3,1271;1722;1816;
Escarpit Robert,1,2672;
Escher Maurits Cornelis,1,714;
Eschilo,4,194;2136;2138;2139;
Esopo,3,2131;2134;2135;
Esslin Martin,1,1414;
Euclide,2,526;686;
Eulero Leonardo (Leonhard Euler),1,1397;
Evans Donald,4,550;551;552;553;
Evola Julius,1,1470;
Eyck Hubert van,2,397;528;
Fabre Jean Henri,1,2134;
Fabrizi Franco,1,1897;
Fadeev Aleksandr,3,1309;1373;2443;
Faivre Claude,1,471;
Falchi Persio,1,1691;
Falconi Carlo,1,1755;
Faldella Giovanni,1,1691;
Fallada Hans (Rudolf Ditzen),1,1171;
Falqui Enrico,1,2710;
Falzoni Giordano,1,297;
Fanfani Amintore,1,2311;
Fanon Frantz,1,134;
Farinacci Roberto,3,319;2109;2207;
Fast Howard Melvin,1,2492;
Fatica Ottavio,1,982;
Faulkner William,12,45;63;179;547;1205;1223;1225;1373;1513;1733;1805;2905;
Federzoni Luigi,2,2106;2109;
FedinKonstantin Aleksandroviè',1,1121;
Fellini Federico,7,1910;1920;1953;1955;1957;1958;2903;
Felter Pietro,1,1763;
Fenton Charles A.,1,1317;
Ferdinando il Cattolico,1,418;
Ferida Luisa,1,2110;
Ferlinghetti Lawrence,1,2591;
Ferrata Giansiro,5,76;297;946;2156;2798;
Ferrero Ernesto,1,458;
Ferretti Gian Carlo,5,199;1735;1736;1737;1738;
Ferrieri Enzo,1,2137;
Fiedler Leslie,3,439;440;864;
Fielding Henry,1,516;
FieschiJean-André,1,1530;
Figueroa Gabriel,1,1892;
Figurelli Maurizio,1,1152;
Finamore Gennaro,1,1625;
Fink Guido,2,1787;1802;
Finzi Gilberto,1,1665;
Firdusi,1,883;
Fitzgerald Francis Scott,2,1320;1529;
Flaubert Gustave,37,36;110;271;296;338;390;391;474;687;723;724;725;749;783;803;812;814;850;851;852;873;876;968;1020;1028;1066;1090;1155;1243;1339;1388;1397;1421;1422;1529;1726;1727;
Fleming Alexander,2,2123;2124;
FlescherJoakim,1,2128;
Flora Francesco,2,1264;2120;
Foa Vittorio,1,2857;
Fogazzaro Antonio,3,1509;1691;2415;
Folengo Teofilo,2,1698;1699;
Fontenelle Bernard Le Bovier de,2,1673;1823;
Force Mme de la,1,1583;
FordJohn,4,499;2097;2098;2099;
Forster Edward Morgan,2,1776;1785;
Fortini Franco,21,105;113;146;181;184;320;399;1057;1058;1059;1060;1250;1495;1739;1754;1767;1821;1832;2225;2814;2833;
Fortunato Giustino,1,1562;
Foscolo Ugo,3,1110;1508;1729;
Foucault Michel,3,330;483;2788;
Fourier Charles,44,274;275;276;277;278;279;280;281;282;283;284;285;286;287;288;289;290;291;292;293;294;295;296;297;298;299;300;301;302;303;304;305;306;307;313;314;404;405;900;1423;1424;2792;2793;2794;
FourierJoseph,1,1424;
Fournier Henri-Alban (detto Alain-Fournier),1,42;
Fra Mauro,1,430;
France Anatole,3,477;2174;2492;
Francesco I- imperatore d'Austria,1,504;
Francesco I-re di Francia,1,1288;
Francesco Giuseppe-imperatore d'Austria,4,114;1444;2144;2843;
Franchina Basilio,2,1883;1884;
Francia Maria Grazia,1,1886;
Franco Francisco,2,2144;2739;
Frazer James George,4,1019;1231;2087;2257;
Frénaud André,1,182;
Freud Sigmund,20,114;220;277;290;291;305;433;1009;1022;1081;1173;1207;1231;1684;1706;2031;2127;2128;2134;2765;
Frisch Max,1,2829;
Frobenius Leo,2,1018;2087;
Fruttero Carlo,14,853;81;82;83;84;986;1061;1062;1063;1064;1065;1066;1736;1738;
Frye Northrop Herman,13,242;243;244;245;246;247;248;249;250;251;1270;1604;1686;
Fusco Maria Antonietta,1,518;
Gadda Carlo Emilio,40,51;59;71;72;121;181;195;253;254;255;515;549;716;717;718;719;720;721;727;1067;1068;1069;1070;1071;1072;1073;1074;1076;1077;1078;1079;1081;1083;1084;1156;1167;1537;766;1851;1872;
Galante Garrone Alessandro,1,2309;
Gald6s Perez,1,1732;
Galeno Claudio,2,527;2448;
Galilei Galileo,37,228;231;232;233;366;367;368;653;820;853;854;855;856;857;858;859;899;1069;1302;1706;1849;1850;1872;2032;2041;2059;2077;2078;2079;2080;2081;2082;2083;2084;2089;2120;2289;
Galland Antoine,3,650;1656;1677;
Gailanzoni Gailanzone,1,857;
Galliano Giuseppe,2,1757;1763;
Gallinaro Maria Bianca,1,797;
Gallo Clorinda,1,1136;
Galteri Giovanni,2,1343;1348;
Galvani Luigi,1,2448;
Gandhi,5,318;1440;2052;2736;2885;
Garbo Greta (Greta Lovisa Gustafsson),1,2229;
Garda Lorca Federico,4,1951;2136;2138;2139;
Garcia Marquez Gabriel,1,1438;
Garda Pauline,1,476;
Gargani Aldo,2,948;2032;
Garibaldi Giuseppe,4,1562;2394;2405;2433;
Garufi Bianca,1,2719;
Gassendi Pierre,2,648;823;
Gassman Vittorio,3,1883;1884;1885;
Gatto Alfonso,3,1471;1494;2797;
autier Théophile,7,475;710;824;862;1061;1658;1679;
Gedda Luigi,1,1490;
Gélin Daniel,1,1894;
Geilner Ernest,1,1387;
GenetJean,2,119;190;
Gennep Arnold van,5,445;2045;2047;2048;2049;
Genot Gérard,1,803;
Gentile Giovanni,3,2119;2120;2121;
Germanetto Giovanni,1,1498;
Germi Pietro,2,1083;1890;
Gessi Romolo,2,1759;1760;
Ghidetti Enrico,4,1690;1691;1692;1694;
Giachino Enzo,1,2710;
Giambologna,1,466;
Gianandrea Antonio,1,1625;
Giannini Guglielmo,4,2102;104;105;2117;
Gibbon Edward,3,838;1722;1978;
Gide André,9,80;81;396;814;1340;1367;1422;2121;2307;
Gillespie Dizzy,1,2649;
Ginzburg Carlo,9,324;948;2031;2032;2033;2034;2035;2036;2037;
Ginzburg Leone,2,1234;1732;
Ginzburg Natalia,15,1085;1086;1087;1088;1089;1090;1091;1092;1093;1094;1136;1137;1537;2716;2894;
Gioacchino da Fiore,2,1434;1653;
Giobbe,2,1134;1135;
Giolitti Antonio,4,1470;1472;2189;2854;
Giolitti Elena,1,1583;
Giordani Pietro,1,1690;
Giordano-Zocchi Vincenzo,1,1691;
Giorgio V- re del Regno Unito,2,2236;2844;
Giotti Virgilio,1,1137;
Giotto,1,2627;
Giovagnoli Raffaele,1,2433;
Giovanni della Croce- santo,2,1137;2084;
Giovio Paolo,1,670;
Girotti Massimo,3,2415;2457;2491;
Giuffrida Mario,1,2207;
Giuseppe d'Arimatea,2,1650;1652;
Givelegov A.K.,1,2433;
Glinka Michail Ivanovic,2,2421;2422;
Gobbi Tito,1,2494;
Gobetti Ada,2,2769;2770;
Gobetti Piero,4,65;1765;2121;2705;
GodeiKurt,1,714;
Godin André,1,282;
Godini Vittorio,1,2820;
Godoli Giovanni,2,2057;2058;
Goering Hermann,1,2885;
Goethe Johann Wolfgang,8,260;525;723;1340;1447;1572;1730;2794;
Gogh Vincent van,2,101;2627;
Gogol' Nikolaj Vasil'evic,18,45;198;266;710;798;862;1110;1171;1321;1529;1547;1657;1687;1732;2449;2476;2494;2927;
Goldmann Lucien,2,188;1738;
Goldoni Carlo,2,2139;2433;
Golgi Camillo,1,530;
Gombrich Ernst,2,220;526;
Gombrowicz Witold,1,196;
Gomez de la Serna Ramon,1,688;
Gomulka Wladislaw,1,2850;
Goncourt Jules de,2,477;478;
Gor'kij Maksim,8,817;1527;1708;2174;2419;2433;2449;2488;
GoretJ.,2,291;305;
Gorlier Claudio,8,1776;1777;1780;1781;1782;1784;1785;1786;
Goya y Lucientes Francisco,2,1058;1951;
Goytisolo Juan,1,2720;
Gozzano Guido,4,1209;1509;1695;2821;
Gozzi Carlo,1,1677;
Gozzi Gorini Paola,1,1618;
Grainville Jean-Baptiste,2,1144;1423;
Gramigna Giuliano,1,1014;
Gramsci Antonio,17,23;65;149;1074;1500;1515;2121;2152;2153;2186;2668;2705;2753;2755;2786;2805;2806;
Grass Giinter,4,121;144;195;1438;
Grassi Antonio,1,806;
Grassi Corrado,1,2814;
Grassi Orazio,3,2077;2078;2082;
GrécoJuliette,1,1411;
Greco Leonardo,1,1626;
Greco Lorenzo,1,2818;
Green Henry,1,2720;
Gregorovius Ferdinand,1,1722;
Greimas Algirdas Julien,8,211;249;254;482;1614;1615;1617;2789;
Grey Zane,1,811;
Grignani Maria Antonietta,1,1166;
Grimm Jacob,17,1541;1542;1566;1567;1568;1569;1570;1571;1572;1573;1574;1575;1576;1620;1621;1666;1667;
Grimm Ludwig,1,1572;
Grimm Wilhelm,17,1541;1542;1566;1567;1568;1569;1570;1571;1572;1573;1574;1575;1576;1620;1621;1666;1667;
Groddeck Georg Walter,1,947;
Gromo Mario,1,1882;
Gros AntoineJean,1,467;
GriinKarl,1,287;
Guadalupi Gianni,1,547;
Guareschi Giovanni,1,2102;
Guarnieri Silvio,4,1095;1096;1097;1098;
Guastella Serafino Amabile,16,1551;1552;1553;1554;1555;1556;1557;1558;1559;1560;1561;1562;1563;1564;1604;1625;
Gudibert Pierre,1,305;
Guerra Tonino,1,1953;
Guerrazzi Francesco Domenico,1,1557;
Guglielmi Angelo,7,105;342;1770;1772;1773;1774;1775;
Guglielmo II-Kaiser,1,2114;
Guglielmo III d'Orange,1,832;
Guicciardi Elena,1,1325;
Guiness Alee,1,1892;
Guinizelli Guido,1,640;
Gustavo Adolfo- re di Svezia,1,2080;
Gutenberg Giovanni (Johann Gensfleisch),1,1857;
Guttuso Renato,2,2154;2753;
Gyllenberg Carl,1,1891;
Hamer Robert,2,1892;1904;
HamsunKnut,1,817;
Handke Peter,1,1873;
Hanska Ewelina (Mme Balzac),3,779;786;788;
Hardy Oliver,1,1048;
Hardy Thomas,2,1727;2492;
Harley Robert,1,832;
Harris Marvin,7,2025;2026;2027;2028;2029;2030;2037;
Haslam Arthur,1,2090;
Hass Hans,1,1749;
Haussmann Georges Eugène,1,1144;
Havel Vaclav,1,188;
Hawks Howard,1,1946;
Hawthorne Nathaniel,15,63;274;283;710;746;862;997;998;1061;1284;1661;1662;1679;1733;2906;
Hegel Georg Wilhelm Friedrich,14,210;286;288;348;1367;1416;1423;1424;1425;1432;1433;1434;1980;2668;
Heine Heinrich,2,1731;2117;
Heisenberg Werner,1,2743;
Heisenbiittel Helmut,1,1789;
Helmholtz Hermann Ludwig Ferdinand,1,2042;
Helvétius Jean-Claude-Adrien,2,293;898;
Hemingway Ernest,35,43;44;63;74;114;178;179;191;834;940;1054;1312;1313;1314;1315;1316;1317;1318;1319;1320;1373;1513;1517;1525;1528;1546;1706;1805;2115;2116;2117;2638;2713;2905;2907;
Hennequin Vietar,1,296;
Henry O. (William Sydney Porter),1,3066;
Herder Johann Gottfried,1,445;
Hernandez Felisberto,6,268;537;1321;1322;1323;1324;
Herzen Aleksandr Ivanovic,1,1707;
Heubeck Alfred,2,894;895;
Hitler Adolf,11,1241;2052;2053;2070;2229;2317;2477;2739;2741;2835;2885;
Hobbes Thomas,1,898;
Hoffmann Ernst Theodor Amadeus,19,268;473;802;862;1014;1061;1321;1656;1657;1658;1659;1660;1661;1674;1678;1679;1681;1682;1728;
Hofmannsthal Hugo von,4,693;1110;1678;1680;
Hofstadter Douglas,3,702;714;1687;
Holanda Francisco de,2,364;1991;
Holbein Hans-il Giovane,1,1303;
Héilderlin Johann Christian Friedrich,1,2355;
Hollier Denis,1,1418;
Hopper Edward,1,2626;
Horkheimer Max,2,235;2794;
Hugo Victor,10,110;345;466;468;474;780;781;967;1143;2492;
HuizingaJohan,2,1470;2743;
Humboldt Wilhelm von,1,723;
Huss Giovanni,1,2082;
Husserl Edmund,2,2062;2765;
Huxley Aldous Leonard,4,14;107;189;308;
HuysmansJorisKarl,2,934;1110;
Hyman Stanley E.,1,250;
Ibsen Henrik,1,2139;
Il'f Il'ja (Fajnzil'berg Il'ja Arnol'dovic),1,2412;
Imbriani Vittorio,2,1620;1691;
Inagachi Tarufo,1,588;
Incisa Vincenzo,1,2203;
Ingrao Pietro,1,2156;
IngresJean Auguste Dominique,3,779;1987;1989;
Interlandi Vanni,2,1552;1553;
Ionesco Eugène,1,57;
Ippolito F.G.,1,1552;
Irving Washington,9,662;861;862;863;864;865;866;867;1662;
Isgrò Michele,1,2156;
Jaccard Christian,1,471;
Jacob François,1,2264;
JacobsenJens Peter,1,1731;
Jahier Piero,4,811;815;874;1601;
Jakobson Roman,4,980;1246;1612;2072;
James Henry,25,261;644;711;811;815;867;868;869;870;980;985;1061;1357;1422;1660;1662;1664;1665;1679;1681;1719;1728;1733;2610;2666;
James William,1,1664;
Janovic Strada Clara,1,1618;
Jansz Post Franz,1,423;
Jaquet-Droz Henri-Louis,2,536;538;
Jaquet-Droz Pierre,3,536;537;538;
Jarrell Randall,2,1346;1348;
Jarry Alfred,8,198;212;231;727;1255;1419;1421;2789;
JaspersKarl,2,136;2120;
Jefferson Thomas,1,2553;
Jefford Barbara,1,1954;
Jerome Jerome Klapka,1,2492;
Jesi Maria,1,809;
Johnson Uwe,4,122;144;170;192;
Joliot-Curie Frédéric,1,2163;
Jolles André,4,1614;1615;1619;1624;
JonesJim,1,2867;
Joppolo Beniamino,1,1693;
Jotti Nilde,1,1247;
Jovine Francesco,1,1252;
JoyceJames,25,14;50;51;54;65;71;113;114;192;717;727;1078;1340;1397;1408;1413;1422;1423;1728;1851;1872;2127;2544;2545;2546;
Joyce Stanislaus,1,2546;
J6zsef Attila,1,1137;
Juana Inés de la Cruz,1,1384;
Jung Carl Gustav,3,673;703;1009;
Kafka Franz,27,14;45;65;114;190;266;386;654;655;981;1340;1381;1382;1397;1408;1422;1444;1489;1529;1662;1680;1723;1819;1872;2765;2906;2921;
Kaiser Georg,1,1171;
Kandinskij Vasilij,3,50;54;1813;
Kant Immanuel,11,236;286;289;683;715;920;1071;1076;1469;2041;2042;
Karinthy Frigyes,1,547;
Kashkin J.,1,1319;
Keaton Buster,3,369;995;1041;
KeatsJohn,1,1052;
Keeler Christine,1,1772;
Kennedy John Fitzgerald,2,2055;2559;
Keplero (JohannesKepler),4,285;529;856;2089;
Kerenskij Aleksandr Fedorovic,1,1373;
KerouacJack,1,1766;
Kettle Arnold,1,843;
King Martin Luther,8,2512;2513;2516;2517;2519;2520;2521;2522;
Kipling Rudyard,10,42;710;809;1037;1318;1529;1547;1663;2135;2596;
Kirk Robert,4,541;542;543;544;
Kirov (Sergei Mironovic Kostrikov),1,2456;
Kissinger Henry,1,2260;
Klee Paul,12,999;1386;1801;1802;1804;1805;1806;1807;1808;1813;1814;1815;
Kleist Heinrich von,3,536;849;2355;
Klibansky Raymond,1,647;
Klossowski Pierre,4,298;301;778;1418;
Knox Robert,2,987;988;
Koch Pietro,1,2109;
Koestler Arthur,1,2838;
Kogan Vivian,1,1434;
Kojève Alexandre,8,1416;1417;1418;1424;1425;1432;1433;1434;
Kolmogorov Andrej Nikolaevic,1,212;
Krafft-Ebing Richard von,1,277;
KrausKarl,1,1020;
Kris Ernst,1,220;
KristevaJulia,1,260;
Kuiper Gerard Peter,1,2286;
Kundera Milan,10,635;849;1325;1326;1327;1328;1329;1330;1331;1332;
Kurosawa Akira,3,1941;1942;1943;
LacanJacques,2,472;2788;
La Cava Mario,1,1252;
Laclos Pierre Ambroise François Choderlos de,1,1730;
Lac6te Felix,1,394;
Lafayette Mme de (Marie Magdeleine Pioche de la Vergne),1,850;
La FontaineJean de,2,1348;2135;
LaforgueJules,1,1408;
La Guardia Fiorello,3,2111;113;114;
Lajolo Davide (detto Ulisse),3,1225;1493;2797;
Lalande Joseph Jér6me,1,302;
Lamartine Alphonse Marie Louis de,1,1144;
Lamb Charles,1,519;
Lambrakis Grigoris,2,1452;1454;
Lamennais Hugues Félicité Robert,1,468;
LamettrieJulien Offray de,3,293;897;1146;
Landolfi Tommaso,23,73;537;1062;1099;1100;1101;1103;1104;1105;1106;1107;1108;1109;1110;1111;1112;1113;1321;1679;1680;1693;1732;2833;
Landru Henri Désiré,2,457;1881;
Lang .Andrew,1,993;
Lanza Francesco,7,1601;1603;1605;1606;1608;1609;1625;
Laplace Pierre Simon,1,2041;
Larbaud Valéry,1,1394;
Lascault Gilbert,1,471;
Lattarulo Leonardo,3,1690;1694;1738;
Laurei Stan,2,1047;1048;
Laurent Méry,1,478;
Lautréamont-conte di (Isidore Lucien Ducasse),2,219;2072;
LavaterJohannKaspar,1,1533;
Lawrence David Herbert,6,44;265;1231;1316;1340;2511;
Lawrence Thomas Edward,2,44;939;
Layzer David,3,2009;2010;2011;
Leach Edmund,2,1798;1799;
Lear Edgar,1,198;
Lear Edward,2,476;558;
Le Corbusier (Charles Édouard Jeanneret),1,281;
Ledoux Claude Nicolas,1,281;
Lee Vernon,3,519;522;1679;
Lee Vernon (Violet Paget),1,1061;
Le FanuJoseph Sheridan,1,1659;
Léger Fernand,2,113;2626;
Le GoffJacques,1,515;
Lehar Franz,1,1903;
Lehouck Emile,2,286;296;
Leibniz Gottfried Wilhelm von,10,253;286;653;717;847;848;1071;1076;2041;2043;
Leiris Michel,4,672;1333;1415;1418;
Le Lionnais François,1,1427;
Lely Gilbert,1,1931;
Lenin Nikolaj (Vladimir Il'iè' Uljanov),13,799;817;1365;1485;2409;2414;2436;2437;2449;2485;2602;2747;2841;
Leonardo da Vinci,21,312;489;527;528;529;530;531;532;533;534;535;536;694;695;696;792;794;1404;1706;1813;2120;
Leone Giovanni,2,2344;2345;
Leonetti Francesco,5,105;118;143;184;2783;
Leopardi Carlo,1,516;
Leopardi Giacomo,36,33;194;228;231;232;341;515;516;651;652;665;671;679;680;682;683;684;686;933;948;1102;1107;1181;1193;1255;1508;1673;1674;1675;1679;1682;1690;1823;1824;2719;2725;
Leopardi Monaldo,1,1823;
Leopardi Paolina,3,515;516;1823;
Leopoldo I-imperatore d'Austria,1,2401;
Lermontov Michail Jùr'eviè',2,2433;2449;
Leroi-Gourhan André,1,558;
LeschotJean-Frédéric,2,536;538;
Leskov Nikolaj Semenoviè',6,710;742;745;1110;1658;1680;
Levi Carlo,39,12;13;69;669;1009;1114;1115;1116;1117;1118;1119;1120;1121;1122;1123;1124;1125;1126;1127;1128;1129;1130;1131;1407;1511;1754;1835;1961;1963;1964;2166;2218;2227;2228;2415;2712;2716;2717;2720;
Levi Cavaglione Pino,1,1493;
Levi Primo,14,981;1133;1134;1135;1136;1137;1138;1139;1140;1141;1499;1695;1862;2821;
Lévi-Strauss Claude,23,207;1021;1022;1042;1062;1598;1612;1613;1614;1615;1617;1618;2067;2068;2069;2070;2071;2072;2073;2074;2075;2076;2788;
LevyEliphas,1,296;
Lewis Clive Staples,1,548;
LewisJerry,1,984;
Lewis Matthew Gregory,1,1644;
Lewis Sinclair,1,2492;
Lhéritier Mlle,1,1583;
Liceti Fortunio,1,856;
Lichtenberg Georg Christoph,2,304;723;
Licimnio,1,1137;
Lidice Benès Barton,1,471;
Linati Carlo,1,1728;
Lincoln Abraham,1,2523;
Lionni Leo,1,558;
Lipparini Giuseppe,1,1728;
Lisi Nicola,2,1116;1693;
Livingstone David,1,1760;
Llevelyn Richard,1,2099;
Llull Ramon,3,210;653;1850;
LockeJohn,1,1071;
Loiseau Dominique,1,535;
Lollobrigida Gina,1,1898;
Lombardi Satriani Raffaele,1,1616;
Lombroso Cesare,1,1117;
Lomonosov Michail Vasil'evic,1,2448;
London Jack,5,813;2135;2214;2492;2596;
Longanesi Leo,1,2901;
Longhi Roberto,1,1038;
Longo Luigi,2,2301;2851;
Loria Antonio,1,1626;
Loria Arturo,1,1693;
Lorrain Claude Gellée,2,529;1974;
Lotfollah,1,612;
Loti Pierre,2,477;1751;
LotmanJurij Michailovic,1,1618;
Lotto Lorenzo,4,1985;1986;1987;1988;
Loubet Émile,1,2236;
Lovecraft Howard Phillips,1,1968;
Lowry Malcolm,1,1043;
Loyola Ignacio de,3,699;700;701;
Lubitsch Ernst,1,518;
LucentiniFranco,14,981;982;983;984;986;1061;1062;1063;1064;1065;1066;1292;1736;1738;
Luciano di Samosata,4,547;649;933;1822;
Lucrezio Caro Tito,15,526;636;637;638;640;652;653;667;722;733;914;1135;1822;2043;2081;
Luigi Filippo d ' Orléans- re di Francia,6,461;462;467;468;782;1016;
Luigi XIV- re di Francia,6,424;428;504;1578;1579;1656;
Luigi XV- re di Francia,1,537;
Luigi XVI- re di Francia,2,537;1016;
Luigi XVII- re di Francia,1,1016;
Lukacs Gyorgy,11,14;129;1302;1364;1512;1519;1738;1756;1920;2185;2850;
Lussu Emilio,1,1498;
Lutero Martin (Luther Martin),3,308;1568;2228;
Luzi Mario,1,1537;
Lysenko Trofim Denisovic,1,2425;
Macchia Giovanni,9,950;1142;1143;1144;1145;1146;1147;1148;1309;
Machiavelli Niccolò,7,74;232;965;1630;1839;2139;2152;
Maestri Anna,1,1886;
Magarshack David,1,797;
Magellano Ferdinando,2,430;2391;
Maglione Milvia,1,471;
Magnani Anna,1,2491;
Magnasco Alessandro,1,2386;
Magone,1,2399;
Magris Claudio,4,2263;2264;2265;2266;
Mailer Norman,2,2591;2907;
Mailly-cavalieredi,1,1583;
MaistreJoseph de,1,294;
Majakovskij Vladimir Vladimirovic,11,107;112;113;1120;1517;1768;2430;2433;2449;2602;2673;
Malerba Luigi,3,1149;1150;1151;
Malibran (Maria de la Felicidad),1,476;
Mallarmé Stéphane,17,182;193;285;362;397;478;685;687;693;723;751;752;1384;1427;1821;1848;2072;
Malory Thomas,1,1699;
Malraux André,7,45;74;1142;1313;1373;1517;2590;
Maltz Albert,1,2492;
Mancini Antonio,1,1174;
Mandeville Bernard de,1,898;
Manganelli Giorgio,24,342;548;804;806;930;931;932;933;934;1153;1154;1155;1156;1157;1158;1159;1161;1162;1163;1164;1165;1687;2263;2906;
Mangano Silvana,2,1884;1885;
Manguel Alberto,1,547;
MannThomas,20,14;26;726;748;870;1015;1301;1339;1340;1341;1342;1513;1683;1899;1900;1903;1906;2225;2713;2897;
Mansfield Katherine,3,1086;1529;1014;
Manuel Frank E.,1,304;
Manuzio Aldo,1,670;
Manzini Gianna,1,1537;
Manzoni Alessandro,27,10;329;330;331;332;333;334;335;336;337;338;339;340;341;1075;1079;1110;1140;1176;1507;1508;1509;1529;1644;1686;1690;2306;
Manzoni Carlo,1,2901;
Mao Tse-Tung,2,2473;2842;
Maometto,2,866;884;
March Fredric,1,984;
Marchetti Giovanni,1,1107;
Marchianò Grazia,1,806;
Marcovecchio Aldo,1,1126;
Marcus Steven,1,348;
Marcuse Herbert,1,305;
Margherita Teresa- infanta di Spagna,1,2401;
Mari Enzo,1,1795;
Maria Antonietta- regina di Francia,1,537;
Marinetti Filippo Tommaso,4,1694;1695;1726;1727;
Marino Giambattista,2,884;1677;
Mario Gaio,1,495;
Mariotti Giovanni,1,1445;
Marlowe Christopher,1,1822;
Martin Etienne,1,471;
Martinelli Tristano,1,1047;
Martini Fausto Maria,1,1728;
Martini Ferdinando,4,801;1725;1728;1730;
Marussig Guido,1,2846;
Marx Chico,4,369;370;548;1048;
Marx Groucho,4,369;370;548;1048;
Marx Harpo,4,369;370;548;1048;
Marx Karl Heinrich,17,107;108;109;287;288;289;290;310;311;817;1022;1354;1365;1485;2127;2759;2867;
Masaccio (Tommaso di Giovanni),1,2228;
Mascolo Dyonis,1,182;
Massaia Guglielmo,1,1759;
Masters Edgard Lee,1,1204;
Mastronardi Lucio,4,1166;1167;1168;1169;
Masuccio Salernitano,1,1677;
Matacotta Franco,1,1515;
Matazone da Caligano,1,1556;
Matta Sebastian,2,1965;1966;
Matteotti Giacomo,1,1263;
Matthiessen Francis Otto,1,1756;
Mattioli Raffaele,1,1256;
Maupassant Guy de,16,477;738;812;871;872;873;874;875;876;878;1086;1529;1719;1725;1726;1904;
Mauriac François,1,2121;
Mauss Marcel,3,1335;1668;1669;
Mayer Hans,1,1418;
Mazzini Giuseppe,1,2394;
Mazzoni Guido,1,1728;
Mazzucchetti Lavinia,1,1728;
Mc CafferyJohnK. M.,1,1320;
Mc CarthyJoseph,1,2163;
Merleau Ponty Maurice,1,1182;
Mélétinski Eleazar Moisevic,1,1614;
Melman Seymour,1,139;
Melotti Fausto,5,487;488;489;1970;1971;
Melville Herman,9,34;63;77;997;1284;1394;1733;1978;2134;
Menandro,1,245;
Menard Pierre,1,1809;
Mendeleev Dmitrij lvanovic,2,2433;2448;
Menelik- negus d'Etiopia,4,1757;1761;1762;1763;
Menjou Adolphe,1,1041;
Menna Filiberto,1,281;
Mercator Gerardo,1,421;
Mercier Louis Sébastien,1,1144;
Meredith George,1,1728;
Mérimée Prosper,3,475;1110;1658;
Merlini Domenico,2,1556;1563;
Meryon Charles,1,1144;
Meselson Matthew Stanley,1,2055;
Messager Annette,1,414;
Messia Agatuzza,5,1617;1619;1630;1631;1632;
Metz Vittorio,3,2900;2901;2902;
Mezzana Cesare,1,2848;
Michaux Henri,1,672;
MicheletJules,1,475;
Micheli Silvio,10,1170;1171;1172;1173;1174;1175;1176;1177;1178;1499;
Michelotti Gigi,1,1882;
Michetti Francesco Paolo,1,2845;
Micurin Ivan Vladimirovic,1,2425;
Mila Massimo,8,1222;1224;1225;1469;1472;2856;2857;2858;
Milanese Cesare,3,252;254;255;
Milano Paolo,1,1777;
Millais John Everett,1,1977;
Miller Henry,7,113;114;265;1418;1766;2829;2907;
Mills Charles Wright,1,1071;
Milton John,2,247;1297;
Mistral Frédéric,1,1556;
Mittner Ladislao,1,1568;
Moakley Gertrude,1,258;
Modotti Tina,1,2145;
Molière (Jean-Baptiste Poquelin),3,304;786;2139;
Molineri Giuseppe Cesare,1,1691;
Mondaini Giacinto (detto Giaci),1,2102;
Mondrian _Piet (Pieter Cornelis Mondriaan),1,54;
Monelli Paolo,1,2118;
Monicelli Mario,1,1890;
Monnier Henri,1,783;
MonodJacgues,3,2038;2039;2264;
Montagnana Mario,5,2146;2755;2757;2758;2798;
Montaigne Michel de,6,835;853;947;1146;1255;1822;
Montale Eugenio,34,26;50;64;168;169;356;634;635;692;1008;1035;1092;1093;1179;1180;1181;1182;1185;1186;1187;1190;1191;1192;1193;1256;1348;1733;1873;2306;2308;2309;2384;2743;2922;
Montanelli Indro,1,1497;
Monterroso Augusto,1,673;
Montesquieu Charles Louis de Secondat,3,300;424;1079;
Montezuma,13,2013;2014;2015;2016;2017;2018;2019;2020;2021;2022;2023;2024;2027;
Monti Augusto,2,1223;1234;
Monticelli Roberto de,1,2717;
Moore George,1,1728;
Moore Marianne,8,692;1343;1344;1345;1346;1347;1348;1873;
Morandi Giorgio,1,64;
Morante Elsa,9,73;342;344;1137;1194;1195;1196;1198;2716;
Moravia Alberto,28,12;72;143;263;315;342;1093;1195;1498;1510;1521;1537;1835;1893;1894;1895;1896;1897;1900;1902;1921;1937;1938;1939;2240;2332;2712;2716;
MoreauJeanne,1,1928;
Morelli Giovanni,1,2031;
Moretti Marino,1,1726;
Moretti Nanni,1,1945;
Morin Violette,1,1607;
Moro Aldo,12,2312;2336;2338;2339;2340;2341;2342;2343;2347;2349;2350;2351;
Moro Tommaso (Thomas More),1,308;
Morris William,4,109;112;509;519;
Mosca Giovanni,7,2097;2100;2101;2102;2900;2901;2902;
Mothe François de la,1,1583;
Motti Adriana,3,1776;1780;1781;
Mozart Wolfgang Amadeus,1,1731;
MuironJust,1,303;
Mumford Lewis,1,176;
Munari Bruno,2,59;2903;
Murasaki Shikibu,2,572;1822;
Murat-contessa,1,1583;
Murger Henri,1,1726;
Murillo Bartolomé Esteban,1,1951;
MurryJohn Middleton,1,383;
Muscetta Carlo,2,2710;2715;
Musil Robert,13,42;56;121;683;720;721;727;739;1008;1524;1525;2354;2765;
Musset Alfred de,2,476;1726;
Mussolini Benito,22,1079;1081;1897;2100;2114;2172;2613;2734;2741;2878;2879;2880;2881;2882;2883;2884;2885;2886;2887;2889;2890;2891;
Myrdal Gunnar,1,134;
Nabokov Vladimir Vladimirovic,6,121;371;985;986;1524;2908;
Naipaul Vidiadhar Surajprasad,1,1436;
Napolitano Gian Gaspare,1,1891;
Narvaéz Panfilo de,2,2017;2018;
Negarville Celeste,11,2151;2152;2153;2154;2155;2156;2755;2756;2757;2758;2852;
Neghesti-negus d'Etiopia,1,1763;
Negri Ada,1,1727;
Negri Cristoforo,1,1759;
Negri Cristoforo M.,1,939;
NehruJawaharlal,2,1754;2231;
Nekrasov Viktor Platonovic,8,1121;1350;1351;1352;1354;1372;1754;2449;
Nenni Pietro,1,2437;
Nerbini Giovanni,1,2174;
Neri Guido,2,324;1334;
Neruda Pablo,1,2145;
Nerval Gérard de,3,710;1058;1658;
Neumann John von,3,209;224;1022;
Newton Isaac,7,525;649;650;651;652;2040;2041;
Nezami,9,525;880;881;882;883;884;885;887;2457;
Niccolò da Cusa,1,853;
Nicola I-zar,1,992;
Nicola II-zar,1,799;
Nietzsche Friedrich Wilhelm,7,182;1115;1327;1340;2042;2771;2821;
Nievo Ippolito,7,41;815;1508;1529;1646;1805;2920;
Nixon Richard,5,2055;2257;2258;2259;2260;
Nodier Charles,3,802;824;1658;
Novalis (Georg Philipp Friedrich von Hardenberg),3,473;723;1245;
Novaro Angiolo Silvio,1,1727;
Noventa Giacomo,1,2154;
Ocampo Silvina,6,1355;1356;1357;1358;1359;1360;
Ocampo Victoria,1,2066;
O'Casey Sean,1,2099;
Occam Guglielmo di,2,2081;2082;
O'Connel Daniel,1,1561;
Odets Clifford,1,1885;
Odoacre,1,97;
Ojetti Ugo,1,1727;
Oliverio-frate,1,2404;
Omero,24,385;386;387;388;389;392;397;675;741;888;889;894;895;896;1481;1483;1485;1811;1819;2115;2118;2119;2135;2174;
O'Neill Eugene Gladstone,3,1206;2127;2139;
OnettiJuan Carlos,4,2249;2250;2251;2252;
Onofri Fabrizio,2,1408;2854;
Oppenheimer Julius Robert,3,2051;2053;2054;
Orazio Fiacco Quinto,1,2492;
Ore Oystein,1,795;
Ortega y Gasset José,7,1255;2061;2062;2063;2064;2065;2066;
Ortes Giammaria,7,897;898;899;900;901;902;903;
Ortese Anna Maria,1,226;
Orwell George,2,308;843;
Ostrovskij Aleksandr Nikolaeviè',1,2480;
O'Sullivan Pat,1,709;
Ottaviano Augusto,1,909;
Ottieri Ottiero,3,154;1278;1766;
Ovidio Nasone Publio,25,556;633;634;635;637;638;640;653;722;904;906;907;908;909;910;911;912;913;914;915;916;1667;1677;1684;1695;
Owen Robert,2,287;312;
Pagnini Marcello,2,1343;1348;
Pajetta Giancarlo,1,2851;
Palazzeschi Aldo,7,73;1034;1137;1680;1693;1726;1727;
PalazziFernando,1,1728;
Palmieri Renato,1,2733;
Pampaloni Geno,3,1275;2403;2710;
Pancaldo Leone,1,2391;
Pancrazi Pietro,1,806;
Pandolfi Vito,1,2139;
Pannunzio Mario,2,1110;1836;
Panofsky Erwin,2,647;2074;
Panzieri Raniero,1,127;
Panzini Alfredo,2,1489;1726;
Paoli Roberto,1,1296;
Paolini Giulio,1,1981;
Paolo III- papa (Alessandro Farnese),3,419;962;963;
Papandreu Geòrgios,1,1454;
Papini Giovanni,2,519;1693;
Pareto Vilfredo,1,1072;
Parini Giuseppe,3,515;1075;1135;
Paris Gaston,1,659;
Parise Goffredo,1,1537;
Parker Charlie,1,1305;
Parmenide,2,682;2090;
Parret Herman,1,853;
Parri Ferruccio,1,13;
Pascal Blaise,3,1002;1772;2083;
Pascoli Giovanni,3,1111;1137;1192;
Pasolini Pier Paolo,33,59;71;72;100;143;146;148;149;151;152;154;155;156;315;320;356;399;1167;1287;1537;722;1834;1930;1933;1934;1935;1937;1938;1939;2275;2278;2713;2907;
Pasternak Boris Leonidoviè',25,46;47;55;1361;1362;1363;1364;1365;1366;1367;1368;1369;1370;1371;1372;1373;1374;1375;1376;1377;1378;1379;1380;1381;1524;
Pasteur Louis,2,2123;2124;
Pastonchi Francesco,1,1727;
Pater Walter,1,1731;
Pavese Cesare,98,11;12;14;15;26;47;48;49;62;63;64;66;76;77;78;79;80;81;82;115;780;809;968;1037;1054;1170;1199;1200;1201;1202;1204;1205;1206;1207;1208;1209;1210;1212;1214;1215;1216;1217;1218;1219;1220;1221;1222;1223;1224;1225;1226;1227;1228;1229;1230;1231;1232;1233;1234;1235;1236;1237;1275;1374;1497;1498;1510;1517;1573;1733;1766;1886;1909;1910;1911;1919;1920;2128;2252;2706;2710;2712;2715;2716;2717;2718;2719;2724;2725;2726;2727;2728;2753;2774;2859;2894;2905;2907;
Pavlenko,1,2427;
Pavlov Ivan Petrovic,3,1207;1415;2134;
Paz Octavio,3,1383;1384;1385;
Pea Enrico,1,1177;
Pellegrin Raymond,1,1897;
Pellizzari Pietro,2,1622;1624;
Pelorson Georges,1,1417;
Penna Sandro,2,1025;1137;
Pentich Graziana,1,1495;
Percoto Caterina,2,1086;1552;
Perec Georges,17,730;731;732;932;1388;1389;1390;1391;1392;1393;1394;1396;1397;1398;1399;1400;2789;
Pereda y Porrua José Maria de,1,1731;
Pericoli Tullio,12,1801;1804;1805;1807;1808;1809;1810;1811;1812;1813;1814;1815;
Perrault Charles,14,661;1541;1545;1574;1578;1579;1580;1582;1583;1617;1619;1641;1642;1667;
Perrault Pierre Darmancour,2,1578;1579;
Perrier François,1,305;
Perrone Danièle,1,471;
Pessoa Fernando,1,688;
PetitJuan,1,1067;
Pet6fi Sandor,1,2433;
Petrarca Francesco,6,258;361;578;658;659;1858;
Petrassi Goffredo,1,1886;
Petrolini Vasco,1,2902;
Petronio,1,1422;
Petrov Eugenij (Kataev Eugenij Petrovic),1,2412;
Petrucci Armando,4,507;509;510;513;
Pettazzoni Raffaele,1,1546;
Pfander Alexander,1,2062;
PfeifferJules,1,2611;
PiagetJean,3,688;689;1420;
Piaggia Carlo,2,1758;1760;
Piattelli Palmarini Massimo,3,381;688;1799;
Picabia Francis,1,1988;
Picard Raymond,1,788;
Picasso Pablo,20,26;45;114;115;170;171;172;173;465;1517;1802;1804;1805;1815;1914;2123;126;2163;2185;2753;
Pico della Mirandola Giovanni,1,653;
Pierantoni Ruggero,5,526;527;529;530;531;
Pierotti Gian Luca,2,804;805;
Pil'njak Boris,1,1309;
Pinelli Giuseppe,2,1716;2254;
Pinelli Tullio,1,1234;
Pintor Giaime,6,24;25;26;1235;1475;2895;
Pio XII-papa (Eugenio Pacelli),4,2231;2558;2893;2898;
Piovene Guido,5,1497;1835;2111;2112;2121;
Pirandello Luigi,3,189;388;1509;
Piranesi Giovan Battista,2,509;2392;
Pisacane Carlo,1,2743;
Pitagora,4,526;638;653;914;
Pitrè Giuseppe,13,1553;1554;1555;1556;1605;1617;1619;1620;1621;1626;1627;1629;1630;
Pivano Fernanda,2,1235;1283;
Pizarro Francisco,1,2135;
Pizzi Amilcare,1,2376;
Planck Max,1,2743;
Platone,8,285;527;547;1684;2062;2086;2089;2129;
Plauto,2,245;2139;
Plinio il Vecchio,12,917;918;919;920;921;922;924;925;926;927;928;929;
Plutarco,1,823;
Poe Edgar Allan,33,219;267;535;685;710;802;810;815;862;930;931;932;933;934;1013;1014;1113;1163;1284;1305;1382;1529;1642;1660;1661;1662;1664;1681;1682;1723;1729;1733;2906;
Poi Pot,1,1017;
Polevoi Boris,3,2443;2444;2495;
Poliedro Alfredo,1,1732;
Pollock Friedrich,1,1754;
Pollock Jackson,3,54;2611;2627;
Polo Marco,4,430;922;1135;1806;
Pompidou Georges,1,1143;
Ponge Francis,15,672;692;693;694;1156;1348;1401;1402;1403;1404;1405;1406;1407;1717;1873;
Pontani Filippo Maria,1,1452;
Pontiggia Giuseppe,2,1736;1738;
Pope Alexander,1,832;
Pope Generoso,1,2146;
Popper Karl Raimund,1,430;
Porta Carlo,3,1135;1508;1690;
Porzio Domenico,2,1292;2306;
Potocki Jan,6,394;710;849;1657;1664;1678;
Poulat Emile,1,282;
Pound Ezra Loomis,4,1347;1471;1872;2115;
Poussin Nicolas,2,1974;1987;
Powers James Fari,1,2558;
Pozzi Giovanni,1,1391;
Pratolini Vasco,5,68;1238;1265;1498;1510;
Praz Mario,7,519;520;521;522;523;524;1728;
Préchac,1,1583;
Prescott William Hickling,1,2020;
Prévert Jacques,2,1246;2591;
Prigogine Ilya,5,2038;2039;2040;2042;2043;
Profumo John,1,1772;
Prokof'ev Sergej Sergeevic,1,2493;
Propp Vladimir Jakovlevic,16,207;249;254;654;1246;1268;1541;1542;1543;1613;1614;1615;1616;1618;1626;1667;
Proudhon Pierre Joseph,1,1560;
Proust Marcel,23,37;42;65;392;547;721;722;740;792;811;815;954;1145;1336;1337;1397;1422;1423;1728;1822;1852;2033;2765;
Puccini Gianni,2,1883;1884;
Puech Henri Charles,2,1424;1434;
Pulci Luigi,2,1677;1698;
PurdyJames,2,1784;1785;
Puskin Aleksandr Sergeevic,12,31;36;535;1110;1320;1528;1657;2433;2449;2488;2495;2496;
Puvis de Chavannes Pierre,1,1805;
Pynchon Thomas,1,2909;
Quasimodo Salvatore,4,69;1137;1495;2097;
Queiroz Eça de,1,1732;
Queneau Raymond,46,121;183;188;194;195;198;212;230;231;284;285;288;298;404;725;732;845;1144;1253;1408;1410;1411;1412;1413;1414;1415;1416;1417;1418;1419;1420;1421;1422;1423;1424;1425;1426;1427;1428;1429;1431;1432;1433;1434;1807;2789;
Quevedo y Villegas Francisco de,2,1822;1951;
Quijano Carlos,1,2250;
Quilici Folco,2,1891;2376;
Rabelais François,12,72;258;547;647;727;1135;1289;1290;1397;1419;1422;1851;
Raboni Giovanni,2,1023;1025;
Rabou Charles,2,788;789;
RacineJean,1,1147;
Radcliffe Ann,3,1061;1643;1679;
Radicati di Brozolo Luigi A.,1,2051;
Radiguet Raymond,2,1529;1722;
Radin Paul,3,1544;1546;1549;
Rago Michele,2,146;847;
Rais Gilles de,2,1642;2271;
Raleigh Walter,1,421;
Ravegnani Giuseppe,1,1731;
Ravera Camilla,2,2753;2770;
Rea Domenico,2,67;2713;
Reale Eugenio,1,2151;
Redi Francesco,1,1139;
Redondi Pietro,8,2077;2078;2079;2080;2081;2082;2083;2084;
ReedJohn,1,1722;
Reich Wilhelm,1,305;
Reinhoud (Roel D'Haese),2,1967;1968;
Remarque Erich Maria,1,2117;
Remotti Francesco,1,2045;
RenardJules,1,2135;
Rendi Aloisio,1,2354;
Resnik Salomon,1,806;
Restif de la Bretonne Nicolas Edme,4,296;301;314;516;
Retz Jean-François Paul de Gondi- cardinale di,1,1816;
Revelli Nuto,1,939;
Rexroth Kenneth,1,2593;
ReynoldsJoshua,2,1810;1974;
Riasanovsky Nicholas V.,1,304;
Ricardo David,1,1022;
Ricca Suga Atsuko,1,1445;
Ricci Franco Maria,5,535;536;2771;2772;2773;
Richardson Samuel,1,1670;
Richelieu Armand Jean du Plessis de- cardinale,1,2080;
Ridley Maurice Roy,1,975;
Rigoni Stern Mario,2,939;1135;
Rikyu Sen-no,1,586;
Rilke Rainer Maria,3,26;1137;1739;
RimbaudJean Arthur,4,111;477;1255;1384;
Ripellino Angelo Maria,2,1368;1444;
Ripley George,1,282;
Risset Jacqueline,3,805;1402;1403;
Rivera Diego,1,2145;
Rizzi Eugenio,1,1334;
Roasio Antonio,3,2152;2156;2852;
Robbe-GrilletAlain,22,50;58;119;120;121;169;191;224;233;234;914;1403;1517;1525;1526;1535;1771;1873;2717;2720;2721;2722;
Robertson William,1,1823;
Rocca Gianni,1,2853;
Rodano Franco,2,2896;2897;
Rodari Gianni,4,1245;1246;1247;1248;
Rogers Woodes,1,831;
Rohe Mies van der,1,2628;
Rolland Romain,1,23;
Romagnoli Sergio,3,515;516;517;
Romano Laila,1,850;
Romano Mili,1,1286;
Romano Ruggiero,1,1426;
Romolo Augustolo,1,97;
Roosevelt Franklin Delano,4,2524;2628;2666;2836;
Roosevelt Theodore,1,2511;
Roscioni Gian Carlo,4,253;255;719;1071;
Rosenberg Alfred,3,2119;2120;2121;
RosenbergJulius e Ethel,2,2670;2671;
Rosenstiehl Pierre,1,471;
Rosi Francesco,1,1130;
Rospicicz Emanuel,1,2739;
Rossanda Rossana,1,127;
Rossellini Roberto,2,1490;1889;
Rossello Mario,1,427;
Rossi Alberto,1,1728;
Rossi Aldo,1,127;
Rossi Doria Manlio,1,2168;
Rossi Ernesto,1,2857;
Rossi Mario Manlio,3,541;543;544;
Rossini Gioacchino,1,1508;
Rostand Edmond,3,824;825;1706;
Roubaud Jacques,4,1427;1428;1652;1653;
Rougemont Denis de,1,1524;
RousseauJean-Jacques,20,31;294;424;459;834;848;900;1090;1091;1335;1384;1551;1674;1821;1852;1988;2073;2075;2134;2436;
Roussel Raymond,6,770;1254;1396;1397;1415;2789;
Rovatti Pier Aldo,1,2032;
Rubattino Raffaele,2,1759;2406;
Rubeo Ugo,1,2905;
Ruffini Jacopo,1,2371;
RulfoJuan,1,179;
Ruprecht Hans Georg,1,853;
Rushdie Salman,6,1436;1437;1438;1439;1440;1441;
Ruskin John,4,109;519;1822;1979;
Russell Bertrand,1,2231;
Ruysch Federico,1,1673;
Ruzante (Angelo Beolco),1,1556;
Ryoku Saito,1,1447;
Saba Linuccia,1,1126;
Saba Umberto,4,69;1008;1025;1192;
Sacchetti Roberto,1,1692;
Sacco Nicola,2,2144;2670;
Sade marchese di (Donatien Alphonse François de),22,182;219;261;277;300;304;778;897;1644;1670;1930;1931;1932;1933;1934;1935;1936;1937;1938;1939;2270;2271;
Sahagun Bernardino de,1,2026;
Saint-Exupéry Antoine de,3,1135;1706;1751;
Saint-Martin Louis Claude de,1,296;
Saint-Pierre Bernardin de,1,35;
Saint-Simon Claude Henri de Rouvroy- conte di,7,283;313;314;1018;1816;2792;2795;
Sainte-Beuve Charles Augustin de,1,1020;
Saitta Armando,1,293;
Salgari Emilio,1,549;
Salinari Carlo,1,1836;
SalinasJone,1,2415;
SalingerJerome David,1,1928;
Salomone-Marino Salvatore,1,1553;
Salsano Alfredo,1,1800;
Saltykov Michail Evgrafovic (detto Scedrin),1,2449;
Sand George (Amandine Dupin),5,110;444;475;476;1556;
Sand Maurice,1,444;
Sanguineti Edoardo,8,143;144;145;265;400;890;1163;2821;
Sannazaro Iacopo,1,549;
Santhià Battista,1,2754;
Santillana Giorgio de,7,2085;2086;2087;2088;2089;2090;2091;
Sanzio Raffaello,4,422;1987;1988;2082;
Sapegno Natalino,1,2854;
Saragat Giuseppe,1,1469;
Saroyan William,5,1059;1206;1408;2106;2216;
Sartre Jean-Paul,9,50;54;182;1033;1403;1517;1521;1873;2107;
Saussure Ferdinand de,5,482;1072;1108;1246;2072;
Savigny Friedrich Karl von,1,1569;
Savinio Alberto,3,806;1693;1695;
Savoia Letterio,1,1500;
Savoia Maurizio di- cardinale,1,2079;
Savonarola Gerolamo,1,1340;
Saxl Fritz,1,647;
Saxton,1,2492;
Sbarbaro Camillo,2,2378;2395;
Sceglov s.c.,2,913;914;
Scalera Michele,1,2111;
Scalfari Eugenio,3,2743;2744;2;
Scelba Mario,2,1887;2301;
Scheiner Cristoph,1,529;
Scheiwiller Vanni,2,160;1994;
Scheler Max,1,2062;
Schérer René,3,2;2;305;
Schiaparelli Giovanni,2,2286;2287;
SchillerJohann Christoph Friedrich von,1,1729;
Schmidt Arno,2,144;195;
Schonberg Arnold,1,2765;
Schopenhauer Arthur,2,986;2073;
Schulz Bruno,4,268;1443;1444;2843;
Schweitzer Albert,1,1708;
SchwittersKurt,1,1872;
Schwob Marcel,1,987;
Sciascia Leonardo,11,1557;1559;1625;1837;2306;2311;2315;2349;2350;2351;2352;
Scorza Carlo,1,2100;
Scotellaro Rocco,7,13;69;70;2165;2166;2167;2169;
Scott Walter,4,542;967;1510;1728;
Scudéry Madleine de,1,433;
Seborga Guido,1,1499;
Secchia Pietro,2,2156;2853;
Segalen Victor,2,469;470;
Selkirk Alexander,1,831;
Selvatico Estense Dianella,2,1393;1394;
Seminara Fortunato,3,1250;1251;1252;
Senofonte,5,936;937;938;939;940;
Serafini Luigi,4,555;556;558;559;
Serao Matilde,1,1691;
Serbandini Giovanni (detto Bini),1,2797;
Sereni Vittorio,4,146;1483;1485;1766;
Serini Paolo,1,873;
Serra Paolo,1,1994;
Serres Michel,1,2043;
Serse- imperatore persiano,1,623;
Sertoli Giuseppe,2,338;393;
Settembrini Luigi,1,1683;
Settis Salvatore,1,498;
SeumeJohann Gottfried,1,517;
Sévigné Marie de Rabutin Chantal,1,1791;
Seymour R.,1,269;
Sforza Francesco,1,258;
Shakespeare William,19,115;219;247;381;383;388;645;646;647;790;791;835;884;1289;1522;1677;1689;2221;2494;
Shannon Claude Elwood,1,209;
Shantaram V.,1,1892;
Shaw George Bernard,6,1904;2111;2114;2115;2117;2137;
Shelley Mary,1,1658;
ShelJey Percy Bysshe,1,1052;
Sherman William Tecumseh,1,995;
Siciliano Enzo,1,315;
Sieffert René,2,1445;1448;
Silla Lucio Cornelio,1,495;
Sillitoe Alan,2,1784;1785;
Simeonova Marina,1,2435;
Simonis Ippolito,1,304;
SimonovKonstantin,2,1121;1309;
Simplicio,1,368;
Simpson Wallis,1,2114;
Singer Esther Judith (detta Chichita),2,2686;2873;
Sinigaglia Alberto,1,2860;
Skinner Burrhus Frederic,1,901;
Sklovskij Viktor Borisovic,1,1246;
Skorzeny Otto,1,2890;
Sloan John,1,2626;
Smith Adam,1,289;
Snow Edgar,1,1722;
Socrate,4,613;1685;1824;2581;
Soffici Ardengo,1,1686;
Sogi,1,586;
Soldati Mario,7,980;1062;1679;1693;1695;1895;2817;
Sollers Philippe,2,193;1845;
Solmi Renato,1,281;
Solmi Sergio,7,1008;1253;1254;1255;1256;1292;1495;
Solochov Michail Aleksandrovic,3,1309;1373;1914;
Sonnino Giorgio,1,1561;
Sontag Susan,1,1336;
Soriano Mare,2,1579;1619;
Soupault Pierre,1,1861;
Souvarine Boris,1,1415;
Spaini Alberto,1,1731;
Spellman Francis Joseph- cardinale,3,2558;2559;2662;
Spenser Edmund,3,247;541;1699;
Spinazzola Vittorio,1,376;
Spinola Luca,1,2378;
Spinoza Benedetto,7,292;717;847;848;1071;1076;2239;
Spitzer Leo,4,57;1648;1651;2760;
Spitzner P.,6,434;435;436;437;439;440;
Spriano Paolo,2,2798;2851;
Stael Holstein Anne Louise Germaine Necker de,1,74;
Stakhanov Aleksej Grigor'evic,1,1470;
Stalin Iosif Vissarionovic Dzugazvili,27,1381;1915;2409;2412;2413;2423;2424;2428;2449;2462;2471;2491;2602;2673;2754;2757;2804;2835;2836;2837;2838;2839;2840;2841;2849;2852;2895;
StanislavskijKonstantin Alekseev,1,2528;
Stanley Henry Morton,1,1760;
Starace Achille,1,2888;
StarobinskiJean,3,703;706;946;
Stein Charlotte von,2,723;1572;
Stein Gertrude,1,1422;
SteinbeckJohn,2,1205;2105;
Steinberg Saul,6,361;362;364;366;368;2903;
Steiner Albe,5,509;2799;2800;2801;2802;
Steiner Rudolf,1,2736;
Stendhal (Henri Beyle),48,23;31;36;41;42;74;110;274;296;297;458;475;815;833;851;942;943;944;945;946;947;948;949;951;954;955;956;957;958;959;961;962;963;964;965;966;1019;1316;1317;1489;1528;1713;1823;2063;2064;2116;2723;2925;
Stengers Isabelle,2,2039;2043;
Steno (Stefano Vanzina),1,1890;
Sterne Laurence,10,194;669;737;845;846;865;1157;1290;1397;1729;
Stevenson Robert Louis,30,42;710;809;815;967;968;969;970;972;973;974;976;977;978;979;980;982;983;985;986;987;1037;1528;1663;1664;1678;1728;1805;1806;2596;
Stifter Adalbert,2,1728;1731;
Stirner Max,1,1022;
Stoker Bram,1,1659;
Stone Judson T.,1,2128;
Strabone,1,428;
Strada Vitttorio,1,1350;
Straparola Francesco,3,1579;1617;1677;
Strasberg Lee,2,2526;2527;
Stravinskij Igor Fedorovic,1,2462;
Stroheim Eric von,1,2887;
Strutchova Raissa,1,2435;
Sue Eugène,3,458;783;1143;
Surchi Sergio,1,1537;
Susini Clemente,1,435;
Svevo Italo,4,1510;1529;2103;2127;
Swanson Gloria,1,1041;
Swedenborg Emanuel,1,296;
Swift Jonathan,15,194;198;304;393;543;650;865;1135;1154;1157;1163;1457;1686;1725;2117;
Tacito Cornelio,1,1722;
Taddei Ezio,3,1498;1499;2146;
Tagore Rabindranath,3,521;522;523;
Taitù- regina d'Etiopia,3,1757;1762;1763;
Talleyrand Charles Maurice de,4,1016;1017;1020;2553;
TanakaKakuei,2,2346;2347;
TanizakiJun'ichiro,6,525;1445;1446;1447;1448;1449;
Tarchetti Igino (o Iginio) Ugo,3,1691;1719;1720;
Tarchiani Alberto,1,2146;
Tasso Torquato,6,232;520;964;1640;1677;1699;
Tati Jacques (Jacques Tatischeff),1,1047;
Taylor Ted,1,2055;
Taylor W.,1,831;
Teller Edward,2,2051;2054;
Tempesti Fernando,2,803;806;
Teniers David,1,1644;
Terra Stefano,5,1257;1258;1259;1499;2104;
Thackeray William Makepeace,1,2492;
ThibaudeauJean,1,361;
Thomas Dylan,7,50;54;119;263;987;1277;1367;
ThurberJames,1,2588;
Timpanaro Sebastiano,1,289;
Tissot,1,1791;
Tito (Jòsip Broz),3,1472;2145;2146;
Tito Pomponio Attico,1,1857;
Titus-Carmel Gérard,1,471;
Tobino Mario,1,2712;
Todorov Tzvetan,6,249;266;267;394;1613;1655;
Tofano Sergio,1,476;
Togliatti Palmiro,19,1247;1472;2413;2437;2466;2747;2798;2803;2804;2805;2806;2807;2808;2809;2836;2850;2853;2854;2858;
Tolkien John Ronald Reuel,2,541;548;
Tolstoj Lev Nikolaevic,37,28;30;36;37;38;44;45;46;47;55;318;343;738;817;989;990;991;992;1091;1250;1314;1318;1339;1341;1347;1363;1365;1367;1485;1529;1708;1719;1732;1807;2410;2449;2464;
Tornasi di Lampedusa Giuseppe,4,69;70;1694;1695;
Tommaseo Niccolò,1,445;
Tommaso d'Aquino,2,292;698;
Téipffer Wolfgang Adam,1,476;
Torcellan Gianfranco,1,898;
Toro Seduto,1,1757;
Tortorella Aldo,1,2332;
Toscanini Arturo,1,2235;
Toselli Pietro,2,1757;1763;
Tosetti Amedeo,1,547;
Tournier Michel,2,196;1806;
Trabucco Carlo,1,2105;
Tracy Spencer,1,984;
Traiano- imperatore romano,7,498;499;501;502;503;504;505;
Traven Bruno,1,1892;
Treitschke Heinrich von,1,1471;
Tresca Carlo,2,2145;2146;
Trilussa (Carlo Alberto Salustri),1,2135;
Triolet Elsa,1,797;
Trivelli Renzo,1,2488;
Trombadori Antonello,1,1836;
Trombatore Gaetano,1,1242;
Trompeo Pietro Paolo,1,964;
Trotta Margarethe von,2,1944;1945;
Trotzkij Lev Davydovic (Leiba Bronstein),4,129;2145;2754;2837;
Truman Harry S.,1,1752;
Tucidide,1,1816;
Turgenev Ivan Sergeevic,5,710;738;1732;1819;2449;
Turing Alan Mathison,1,209;
Turner Joseph Mallord William,9,1972;1973;1974;1975;1976;1977;1978;1979;1980;
Tussaud Marie,1,435;
Tuzet Hélène,1,296;
Twain Mark,15,42;63;440;993;994;996;997;998;1054;1320;1529;1705;2596;2900;2906;
Uccello Paolo,2,1994;1995;
Ugolini Amedeo,1,1499;
Ulanova Galina,2,2493;2495;
Umberto I- re d'Italia,4,827;1762;2632;2885;
Ungaretti Giuseppe,5,64;1137;1191;1192;1403;
Updike John,1,2908;
Urbano VIII- papa (Maffeo Barberini),3,2079;2081;2083;
Urfé Honoré d',1,300;
Uspenskij Boris Andreevic,1,1618;
Vacca Roberto,1,2324;
Vailati Bruno,2,1891;1892;
Vailland Roger,2,1313;1517;
Valenti Osvaldo,3,2106;2109;2110;
Valera Paolo,2,1690;1731;
Valeri Diego,2,1583;1728;
Valéry Paul,13,643;672;684;685;688;728;814;961;1255;1293;1822;2061;2156;
Vallone Raffaele,5,1883;1884;1885;2797;2798;
Valpreda Pietro,1,2254;
Vanel Charles,1,2415;
Vanzetti Bartolomeo,2,2144;2670;
Varese Carlo,1,2379;
Varrone Marco Terenzio,2,492;496;
Vasio Carla,1,1795;
Vassilikós Vassilis,4,1450;1451;1452;1453;
Velazquez Diego Rodriguez,2,1805;1988;
Ventura Gioacchino,1,1561;
Venturi Franco,2,283;2838;
Venturi Marcello,6,1476;1477;1478;1479;1496;2797;
Verdi Giuseppe,5,1262;1508;2435;2613;2857;
Verdi Mario,1,2113;
Verdino Stefano,1,1023;
Verga Giovanni,11,10;63;1168;1171;1509;1556;1691;1904;2121;2122;2415;
Vergani Guido,1,2914;
Vergez André,1,286;
Verlaine Paul,1,477;
Vermeer Johannes,2,528;1988;
Vernadskij W.,1,1415;
Vernant Jean-Pierre,1,449;
Verne Jules,6,286;544;1396;1399;1670;2433;
Verri Pietro,1,898;
Verrocchio Andrea,1,2881;
Vesalio Andrea,1,528;
Vespucci Amerigo,3,418;419;420;
Viani Lorenzo,1,1177;
Viatte Auguste,1,296;
Viazzi Glauco,1,1691;
Vicari Gian Battista,4,252;1247;1844;2709;
Vidal Gore,8,1455;1456;1457;1458;1459;1460;1461;1462;
Vidali Vittorio,4,2143;2144;2145;2146;
Viehmann Katherina,1,1567;
Viganò Renata,1,2433;
Vigny Alfred de,2,475;1145;
Vigo Lionardo,1,1553;
Vigolo Giorgio,1,1694;
Villa Pancho,1,1043;
Villari Pasquale,1,1562;
Villari Rosario,1,1476;
Villemarqué,1,445;
Villiers de l'Isle-Adam Philippe-Auguste-Mathias,3,535;1099;1662;
Villon François de Montcorbier,1,2119;
Viollet-le-Duc Eugène Emmanuel,1,424;
Virel André,1,675;
Virgilio da Tolosa,1,1423;
Virgilio Marone Publio,4,906;1147;1852;2119;
Viscinski Andrej Y.,1,2462;
Visconti Bianca,1,258;
Visconti Luchino,5,1889;1904;1905;1919;1921;
Visentini Isaia,1,1618;
Vitelli Armando,1,143;
Vitti Monica,3,1926;1928;2820;
Vittoria- regina del Regno Unito,3,504;2271;2845;
Vittorini Elio,108,12;16;45;52;62;63;64;66;105;115;116;123;146;160;161;162;163;164;165;166;167;168;169;170;171;172;173;174;175;177;178;179;180;181;182;183;184;185;186;187;222;223;238;239;240;241;402;404;939;1010;1036;1037;1054;1088;1167;1205;1236;1250;1251;1260;1261;1262;1263;1264;1265;1266;1267;1268;1269;1270;1272;1292;1496;1510;1517;1574;1728;1733;1766;1767;1843;2109;2156;2252;2710;2715;2716;2717;2722;2723;2743;2752;2774;2781;2782;2783;2784;2785;2786;2789;2790;2791;2801;2807;2830;2852;2905;2907;
Vittorio Emanuele II-re d'Italia,2,1606;2845;
Vittorio Emanuele III- re d'Italia,3,2845;2881;2887;
Vivaldi Antonio,1,2236;
Vivanti Annie,2,1444;1727;
Volney Constantin François de Chasseboeuf,1,1144;
Volonté Gianmaria,1,1130;
Volponi Paolo,10,1273;1274;1275;1276;1277;1278;1279;1537;1766;1767;
Volta Alessandro,1,2448;
Voltaire François Marie Arouet,17,35;194;294;650;847;999;1000;1001;1002;1529;1674;1725;1727;2033;2121;2436;2808;
Von Braun Werner,4,2316;2317;2318;2319;
Vuillier Gaston,1,444;
Wagner Richard,4,473;1651;2072;2073;
Wahl François,5,428;483;1073;1074;1829;
Wajda Andrzej,1,457;
Walpole Horace,3,1061;1643;1679;
Washington George,1,2699;
WatsonJames Dewey,1,211;
Watteau Antoine,1,1988;
Weaver William,2,1828;1829;
Weil Simone,2,132;1708;
Weiner Richard,1,209;
Weiss Peter,2,144;195;
Welles Orson,5,1915;1917;1918;2106;2286;
Wells Herbert George,3,710;1663;2286;
West Stephanie,2,894;895;
WhiteJohn,1,421;
Whitman Walt,7,63;77;111;671;1222;1234;1852;
Wiechert Ernst,1,2118;
Wilcock J. Rodolfo,1,1837;
Wild Dortchen,1,1568;
Wilde Oscar,1,109;
Wildt Adolfo,1,2883;
Wilkinson Lancelot Patrick,2,909;915;
Williams Tennessee,3,1460;2574;2576;
Williams William Carlos,3,671;692;1873;
Wilson Colin,1,1377;
Wilson Edward O.,2,901;2069;
Windsor Jackie,1,471;
Winner Percy,2,2107;2108;
Wittgenstein Ludwig,3,191;525;693;
Wodehouse Pelham Grenville,1,2115;
Wolff Helen,1,1829;
Wols Wolfgang,1,54;
Woolf Virginia,2,816;1085;
Wright Frane Lloyd,1,2568;
Wright Richard,3,1463;1464;1465;
WycliffeJohn,1,2082;
Yates Frances,1,646;
Yeats William Butler,2,542;1052;
Young Philip,1,1320;
Zafred Mario,1,2462;
Zamboni Giuseppe,1,797;
Zampa Luigi,8,1490;1890;1893;1894;1895;1896;1897;1903;
Zanzotto Andrea,2,578;1336;
Zapata Emiliano,1,1043;
Zavattini Cesare,3,2101;2683;903;
Zdanov Andrei Aleksandrovic,1,2486;
Zellini Paolo,1,687;
Zena Remigio,2,1509;1691;
Zenone di Elea,1,210;
Zeri Federico,5,2844;2845;2846;2847;2848;
Zola Émile,11,110;111;474;724;1079;1145;1396;1510;1725;1730;1817;
Zolla Elémire,4,56;100;806;1837;
Zucconi Guglielmo,1,2332;
Zumthor Paul,1,2355;
Zurlini Valerio,1,1014;
Zweig Arnold,1,2118;
